window,start,end,class,channel,entries,pilots,events,exact_lists,wins,losses,draws,decision_win_pct,wilson95_low_pct,wilson95_high_pct
earlier_2026,2026-01-01,2026-06-30,all,all_entries,410,135,264,275,1602,656,11,70.9,69.0,72.8
earlier_2026,2026-01-01,2026-06-30,all,all_entries_duplicate_collapsed,375,135,241,275,1470,569,11,72.1,70.1,74.0
earlier_2026,2026-01-01,2026-06-30,all,league_publications,139,61,88,118,695,0,0,100.0,99.5,100.0
earlier_2026,2026-01-01,2026-06-30,all,standings_backed,271,106,176,183,907,656,11,58.0,55.6,60.5
earlier_2026,2026-01-01,2026-06-30,all,standings_backed_duplicate_collapsed,236,106,153,183,775,569,11,57.7,55.0,60.3
earlier_2026,2026-01-01,2026-06-30,A_focused_combo,all_entries,53,23,47,41,206,86,1,70.5,65.1,75.5
earlier_2026,2026-01-01,2026-06-30,A_focused_combo,all_entries_duplicate_collapsed,52,23,46,41,198,85,1,70.0,64.4,75.0
earlier_2026,2026-01-01,2026-06-30,A_focused_combo,league_publications,21,8,18,19,105,0,0,100.0,96.5,100.0
earlier_2026,2026-01-01,2026-06-30,A_focused_combo,standings_backed,32,19,29,24,101,86,1,54.0,46.9,61.0
earlier_2026,2026-01-01,2026-06-30,A_focused_combo,standings_backed_duplicate_collapsed,31,19,28,24,93,85,1,52.2,44.9,59.5
earlier_2026,2026-01-01,2026-06-30,B_sideboard_led,all_entries,209,85,165,145,824,336,6,71.0,68.4,73.6
earlier_2026,2026-01-01,2026-06-30,B_sideboard_led,all_entries_duplicate_collapsed,186,85,148,145,738,278,6,72.6,69.8,75.3
earlier_2026,2026-01-01,2026-06-30,B_sideboard_led,league_publications,66,38,51,58,330,0,0,100.0,98.8,100.0
earlier_2026,2026-01-01,2026-06-30,B_sideboard_led,standings_backed,143,62,114,99,494,336,6,59.5,56.1,62.8
earlier_2026,2026-01-01,2026-06-30,B_sideboard_led,standings_backed_duplicate_collapsed,120,62,97,99,408,278,6,59.5,55.8,63.1
earlier_2026,2026-01-01,2026-06-30,C_value_combo,all_entries,44,28,42,29,167,60,2,73.6,67.5,78.9
earlier_2026,2026-01-01,2026-06-30,C_value_combo,all_entries_duplicate_collapsed,40,28,38,29,157,51,2,75.5,69.2,80.8
earlier_2026,2026-01-01,2026-06-30,C_value_combo,league_publications,20,16,18,15,100,0,0,100.0,96.3,100.0
earlier_2026,2026-01-01,2026-06-30,C_value_combo,standings_backed,24,18,24,18,67,60,2,52.8,44.1,61.2
earlier_2026,2026-01-01,2026-06-30,C_value_combo,standings_backed_duplicate_collapsed,20,18,20,18,57,51,2,52.8,43.4,61.9
earlier_2026,2026-01-01,2026-06-30,D_deep_denial,all_entries,104,51,93,60,405,174,2,69.9,66.1,73.5
earlier_2026,2026-01-01,2026-06-30,D_deep_denial,all_entries_duplicate_collapsed,97,51,86,60,377,155,2,70.9,66.9,74.6
earlier_2026,2026-01-01,2026-06-30,D_deep_denial,league_publications,32,22,30,26,160,0,0,100.0,97.7,100.0
earlier_2026,2026-01-01,2026-06-30,D_deep_denial,standings_backed,72,39,63,42,245,174,2,58.5,53.7,63.1
earlier_2026,2026-01-01,2026-06-30,D_deep_denial,standings_backed_duplicate_collapsed,65,39,56,42,217,155,2,58.3,53.3,63.2
immediate_pre_boundary,2026-07-01,2026-08-09,all,all_entries,181,85,74,137,716,285,6,71.5,68.7,74.2
immediate_pre_boundary,2026-07-01,2026-08-09,all,all_entries_duplicate_collapsed,179,85,74,137,706,285,6,71.2,68.3,74.0
immediate_pre_boundary,2026-07-01,2026-08-09,all,league_publications,61,39,31,53,305,0,0,100.0,98.8,100.0
immediate_pre_boundary,2026-07-01,2026-08-09,all,standings_backed,120,62,43,92,411,285,6,59.1,55.4,62.6
immediate_pre_boundary,2026-07-01,2026-08-09,all,standings_backed_duplicate_collapsed,120,62,43,92,411,285,6,59.1,55.4,62.6
immediate_pre_boundary,2026-07-01,2026-08-09,A_focused_combo,all_entries,14,10,14,13,53,21,0,71.6,60.5,80.6
immediate_pre_boundary,2026-07-01,2026-08-09,A_focused_combo,all_entries_duplicate_collapsed,14,10,14,13,53,21,0,71.6,60.5,80.6
immediate_pre_boundary,2026-07-01,2026-08-09,A_focused_combo,league_publications,5,5,5,5,25,0,0,100.0,86.7,100.0
immediate_pre_boundary,2026-07-01,2026-08-09,A_focused_combo,standings_backed,9,6,9,8,28,21,0,57.1,43.3,70.0
immediate_pre_boundary,2026-07-01,2026-08-09,A_focused_combo,standings_backed_duplicate_collapsed,9,6,9,8,28,21,0,57.1,43.3,70.0
immediate_pre_boundary,2026-07-01,2026-08-09,B_sideboard_led,all_entries,164,77,73,122,655,260,6,71.6,68.6,74.4
immediate_pre_boundary,2026-07-01,2026-08-09,B_sideboard_led,all_entries_duplicate_collapsed,162,77,73,122,645,260,6,71.3,68.2,74.1
immediate_pre_boundary,2026-07-01,2026-08-09,B_sideboard_led,league_publications,55,36,31,47,275,0,0,100.0,98.6,100.0
immediate_pre_boundary,2026-07-01,2026-08-09,B_sideboard_led,standings_backed,109,56,42,82,380,260,6,59.4,55.5,63.1
immediate_pre_boundary,2026-07-01,2026-08-09,B_sideboard_led,standings_backed_duplicate_collapsed,109,56,42,82,380,260,6,59.4,55.5,63.1
immediate_pre_boundary,2026-07-01,2026-08-09,C_value_combo,all_entries,2,1,2,1,8,3,0,72.7,43.4,90.3
immediate_pre_boundary,2026-07-01,2026-08-09,C_value_combo,all_entries_duplicate_collapsed,2,1,2,1,8,3,0,72.7,43.4,90.3
immediate_pre_boundary,2026-07-01,2026-08-09,C_value_combo,league_publications,1,1,1,1,5,0,0,100.0,56.6,100.0
immediate_pre_boundary,2026-07-01,2026-08-09,C_value_combo,standings_backed,1,1,1,1,3,3,0,50.0,18.8,81.2
immediate_pre_boundary,2026-07-01,2026-08-09,C_value_combo,standings_backed_duplicate_collapsed,1,1,1,1,3,3,0,50.0,18.8,81.2
immediate_pre_boundary,2026-07-01,2026-08-09,D_deep_denial,all_entries,1,1,1,1,0,1,0,0.0,0.0,79.3
immediate_pre_boundary,2026-07-01,2026-08-09,D_deep_denial,all_entries_duplicate_collapsed,1,1,1,1,0,1,0,0.0,0.0,79.3
immediate_pre_boundary,2026-07-01,2026-08-09,D_deep_denial,league_publications,0,0,0,0,0,0,0,,,
immediate_pre_boundary,2026-07-01,2026-08-09,D_deep_denial,standings_backed,1,1,1,1,0,1,0,0.0,0.0,79.3
immediate_pre_boundary,2026-07-01,2026-08-09,D_deep_denial,standings_backed_duplicate_collapsed,1,1,1,1,0,1,0,0.0,0.0,79.3
current,2026-08-10,2026-08-19,all,all_entries,12,11,11,12,48,16,0,75.0,63.2,84.0
current,2026-08-10,2026-08-19,all,all_entries_duplicate_collapsed,12,11,11,12,48,16,0,75.0,63.2,84.0
current,2026-08-10,2026-08-19,all,league_publications,6,6,6,6,30,0,0,100.0,88.6,100.0
current,2026-08-10,2026-08-19,all,standings_backed,6,5,5,6,18,16,0,52.9,36.7,68.5
current,2026-08-10,2026-08-19,all,standings_backed_duplicate_collapsed,6,5,5,6,18,16,0,52.9,36.7,68.5
current,2026-08-10,2026-08-19,A_focused_combo,all_entries,0,0,0,0,0,0,0,,,
current,2026-08-10,2026-08-19,A_focused_combo,all_entries_duplicate_collapsed,0,0,0,0,0,0,0,,,
current,2026-08-10,2026-08-19,A_focused_combo,league_publications,0,0,0,0,0,0,0,,,
current,2026-08-10,2026-08-19,A_focused_combo,standings_backed,0,0,0,0,0,0,0,,,
current,2026-08-10,2026-08-19,A_focused_combo,standings_backed_duplicate_collapsed,0,0,0,0,0,0,0,,,
current,2026-08-10,2026-08-19,B_sideboard_led,all_entries,5,5,5,5,22,5,0,81.5,63.3,91.8
current,2026-08-10,2026-08-19,B_sideboard_led,all_entries_duplicate_collapsed,5,5,5,5,22,5,0,81.5,63.3,91.8
current,2026-08-10,2026-08-19,B_sideboard_led,league_publications,3,3,3,3,15,0,0,100.0,79.6,100.0
current,2026-08-10,2026-08-19,B_sideboard_led,standings_backed,2,2,2,2,7,5,0,58.3,32.0,80.7
current,2026-08-10,2026-08-19,B_sideboard_led,standings_backed_duplicate_collapsed,2,2,2,2,7,5,0,58.3,32.0,80.7
current,2026-08-10,2026-08-19,C_value_combo,all_entries,4,4,4,4,19,2,0,90.5,71.1,97.3
current,2026-08-10,2026-08-19,C_value_combo,all_entries_duplicate_collapsed,4,4,4,4,19,2,0,90.5,71.1,97.3
current,2026-08-10,2026-08-19,C_value_combo,league_publications,3,3,3,3,15,0,0,100.0,79.6,100.0
current,2026-08-10,2026-08-19,C_value_combo,standings_backed,1,1,1,1,4,2,0,66.7,30.0,90.3
current,2026-08-10,2026-08-19,C_value_combo,standings_backed_duplicate_collapsed,1,1,1,1,4,2,0,66.7,30.0,90.3
current,2026-08-10,2026-08-19,D_deep_denial,all_entries,3,2,3,3,7,9,0,43.8,23.1,66.8
current,2026-08-10,2026-08-19,D_deep_denial,all_entries_duplicate_collapsed,3,2,3,3,7,9,0,43.8,23.1,66.8
current,2026-08-10,2026-08-19,D_deep_denial,league_publications,0,0,0,0,0,0,0,,,
current,2026-08-10,2026-08-19,D_deep_denial,standings_backed,3,2,3,3,7,9,0,43.8,23.1,66.8
current,2026-08-10,2026-08-19,D_deep_denial,standings_backed_duplicate_collapsed,3,2,3,3,7,9,0,43.8,23.1,66.8
